{"loss": [0.7309179902076721], "acc": [0.826], "classification_report": [{"0": {"precision": 0.9825136612021858, "recall": 0.9173469387755102, "f1-score": 0.9488126649076518, "support": 980}, "1": {"precision": 0.6954656862745098, "recall": 1.0, "f1-score": 0.8203830863751356, "support": 1135}, "2": {"precision": 0.946047678795483, "recall": 0.7306201550387597, "f1-score": 0.8244942591580098, "support": 1032}, "3": {"precision": 0.9779917469050894, "recall": 0.7039603960396039, "f1-score": 0.8186528497409326, "support": 1010}, "4": {"precision": 0.6929761042722665, "recall": 0.9745417515274949, "f1-score": 0.8099873042742277, "support": 982}, "5": {"precision": 0.9530201342281879, "recall": 0.6367713004484304, "f1-score": 0.7634408602150538, "support": 892}, "6": {"precision": 0.9723889555822329, "recall": 0.8455114822546973, "f1-score": 0.9045226130653268, "support": 958}, "7": {"precision": 0.6808803301237965, "recall": 0.9630350194552529, "f1-score": 0.797743755036261, "support": 1028}, "8": {"precision": 0.9777777777777777, "recall": 0.5872689938398358, "f1-score": 0.7338037203335472, "support": 974}, "9": {"precision": 0.8, "recall": 0.8562933597621407, "f1-score": 0.8271900430828149, "support": 1009}, "accuracy": 0.826, "macro avg": {"precision": 0.867906207516153, "recall": 0.8215349397141726, "f1-score": 0.8249031156188961, "support": 10000}, "weighted avg": {"precision": 0.8637955459288296, "recall": 0.826, "f1-score": 0.8251058269013102, "support": 10000}}]}