{"loss": [100.62938095092774], "acc": [0.4571], "classification_report": [{"0": {"precision": 0.968798751950078, "recall": 0.6336734693877552, "f1-score": 0.7661937075879088, "support": 980}, "1": {"precision": 0.22004652966265995, "recall": 1.0, "f1-score": 0.36071825838232957, "support": 1135}, "2": {"precision": 0.9745762711864406, "recall": 0.22286821705426357, "f1-score": 0.362776025236593, "support": 1032}, "3": {"precision": 0.9705882352941176, "recall": 0.16336633663366337, "f1-score": 0.2796610169491526, "support": 1010}, "4": {"precision": 0.6528239202657807, "recall": 0.8004073319755601, "f1-score": 0.7191216834400732, "support": 982}, "5": {"precision": 0.7689530685920578, "recall": 0.23878923766816143, "f1-score": 0.3644140290846878, "support": 892}, "6": {"precision": 0.9399624765478424, "recall": 0.5229645093945721, "f1-score": 0.6720321931589538, "support": 958}, "7": {"precision": 0.5, "recall": 0.8219844357976653, "f1-score": 0.6217807211184695, "support": 1028}, "8": {"precision": 1.0, "recall": 0.04004106776180698, "f1-score": 0.07699901283316879, "support": 974}, "9": {"precision": 0.6923076923076923, "recall": 0.035678889990089196, "f1-score": 0.06786050895381715, "support": 1009}, "accuracy": 0.4571, "macro avg": {"precision": 0.7688056945806669, "recall": 0.4479773495663538, "f1-score": 0.4291557156745154, "support": 10000}, "weighted avg": {"precision": 0.7599234158546068, "recall": 0.4571, "f1-score": 0.42748280633345687, "support": 10000}}]}