{"loss": [42.50688209533691], "acc": [0.3617], "classification_report": [{"0": {"precision": 0.9930555555555556, "recall": 0.29183673469387755, "f1-score": 0.4511041009463722, "support": 980}, "1": {"precision": 0.3121036669423766, "recall": 0.9973568281938326, "f1-score": 0.47543049139017224, "support": 1135}, "2": {"precision": 0.9021739130434783, "recall": 0.08042635658914729, "f1-score": 0.14768683274021352, "support": 1032}, "3": {"precision": 0.7581395348837209, "recall": 0.3227722772277228, "f1-score": 0.45277777777777783, "support": 1010}, "4": {"precision": 0.34174311926605505, "recall": 0.9103869653767821, "f1-score": 0.49694274596998333, "support": 982}, "5": {"precision": 0.5351629502572899, "recall": 0.34977578475336324, "f1-score": 0.42305084745762717, "support": 892}, "6": {"precision": 0.75, "recall": 0.003131524008350731, "f1-score": 0.006237006237006238, "support": 958}, "7": {"precision": 0.14492753623188406, "recall": 0.009727626459143969, "f1-score": 0.018231540565177756, "support": 1028}, "8": {"precision": 0.4, "recall": 0.006160164271047228, "f1-score": 0.012133468149646108, "support": 974}, "9": {"precision": 0.2482425307557118, "recall": 0.5599603567888999, "f1-score": 0.3439878234398782, "support": 1009}, "accuracy": 0.3617, "macro avg": {"precision": 0.5385548806936072, "recall": 0.35315346183621676, "f1-score": 0.2827582634673855, "support": 10000}, "weighted avg": {"precision": 0.5344715830445128, "recall": 0.3617, "f1-score": 0.2840391913578121, "support": 10000}}]}