{"loss": [37.64901840209961], "acc": [0.4654], "classification_report": [{"0": {"precision": 0.9414556962025317, "recall": 0.6071428571428571, "f1-score": 0.7382133995037221, "support": 980}, "1": {"precision": 0.3898121387283237, "recall": 0.9506607929515418, "f1-score": 0.5529080194722008, "support": 1135}, "2": {"precision": 0.8926701570680629, "recall": 0.33042635658914726, "f1-score": 0.4823196605374824, "support": 1032}, "3": {"precision": 1.0, "recall": 0.01782178217821782, "f1-score": 0.03501945525291828, "support": 1010}, "4": {"precision": 0.3606837606837607, "recall": 0.6446028513238289, "f1-score": 0.46255023748629887, "support": 982}, "5": {"precision": 0.75, "recall": 0.013452914798206279, "f1-score": 0.02643171806167401, "support": 892}, "6": {"precision": 0.8621399176954733, "recall": 0.4373695198329854, "f1-score": 0.5803324099722993, "support": 958}, "7": {"precision": 0.48292170257488176, "recall": 0.8939688715953308, "f1-score": 0.6270897304674172, "support": 1028}, "8": {"precision": 0.875, "recall": 0.007186858316221766, "f1-score": 0.01425661914460285, "support": 974}, "9": {"precision": 0.31053149606299213, "recall": 0.6253716551040635, "f1-score": 0.4149950674120355, "support": 1009}, "accuracy": 0.4654, "macro avg": {"precision": 0.6865214869016025, "recall": 0.4528004459832401, "f1-score": 0.3934116317310651, "support": 10000}, "weighted avg": {"precision": 0.6807440245747622, "recall": 0.4654, "f1-score": 0.39951473605568383, "support": 10000}}]}