{"loss": [58.24002773284912], "acc": [0.338], "classification_report": [{"0": {"precision": 1.0, "recall": 0.24897959183673468, "f1-score": 0.39869281045751637, "support": 980}, "1": {"precision": 0.27066411849020544, "recall": 0.9982378854625551, "f1-score": 0.4258598007893253, "support": 1135}, "2": {"precision": 0.9436619718309859, "recall": 0.06492248062015504, "f1-score": 0.1214868540344515, "support": 1032}, "3": {"precision": 0.7731343283582089, "recall": 0.25643564356435644, "f1-score": 0.38513011152416354, "support": 1010}, "4": {"precision": 0.32714535901926445, "recall": 0.9511201629327902, "f1-score": 0.48683867604899667, "support": 982}, "5": {"precision": 0.5869017632241813, "recall": 0.26121076233183854, "f1-score": 0.36152055857253684, "support": 892}, "6": {"precision": 0.0, "recall": 0.0, "f1-score": 0.0, "support": 958}, "7": {"precision": 0.13978494623655913, "recall": 0.01264591439688716, "f1-score": 0.0231935771632471, "support": 1028}, "8": {"precision": 1.0, "recall": 0.001026694045174538, "f1-score": 0.0020512820512820513, "support": 974}, "9": {"precision": 0.27312775330396477, "recall": 0.49157581764122893, "f1-score": 0.35115044247787613, "support": 1009}, "accuracy": 0.338, "macro avg": {"precision": 0.5314420240463369, "recall": 0.32861549528317213, "f1-score": 0.25559241131193955, "support": 10000}, "weighted avg": {"precision": 0.5279986544225521, "recall": 0.338, "f1-score": 0.2569129334775971, "support": 10000}}]}