{"loss": [160.21102066040038], "acc": [0.4065], "classification_report": [{"0": {"precision": 0.9765807962529274, "recall": 0.42551020408163265, "f1-score": 0.5927505330490406, "support": 980}, "1": {"precision": 0.19759749303621169, "recall": 1.0, "f1-score": 0.32998982410234046, "support": 1135}, "2": {"precision": 0.9819277108433735, "recall": 0.15794573643410853, "f1-score": 0.27212020033388984, "support": 1032}, "3": {"precision": 0.8221153846153846, "recall": 0.33861386138613864, "f1-score": 0.4796633941093969, "support": 1010}, "4": {"precision": 0.8951612903225806, "recall": 0.45213849287169044, "f1-score": 0.6008119079837619, "support": 982}, "5": {"precision": 0.5614754098360656, "recall": 0.3071748878923767, "f1-score": 0.39710144927536234, "support": 892}, "6": {"precision": 0.8964803312629399, "recall": 0.4519832985386221, "f1-score": 0.600971547536433, "support": 958}, "7": {"precision": 0.47007553747821035, "recall": 0.7869649805447471, "f1-score": 0.588577664605311, "support": 1028}, "8": {"precision": 1.0, "recall": 0.028747433264887063, "f1-score": 0.0558882235528942, "support": 974}, "9": {"precision": 0.6451612903225806, "recall": 0.019821605550049554, "f1-score": 0.038461538461538464, "support": 1009}, "accuracy": 0.4065, "macro avg": {"precision": 0.7446575243970275, "recall": 0.3968900500564253, "f1-score": 0.3956336283009969, "support": 10000}, "weighted avg": {"precision": 0.7371926275459394, "recall": 0.4065, "f1-score": 0.3938965237735333, "support": 10000}}]}