{"loss": [128.76518508911133], "acc": [0.506], "classification_report": [{"0": {"precision": 0.9188275084554679, "recall": 0.8316326530612245, "f1-score": 0.8730583824317085, "support": 980}, "1": {"precision": 0.3001057641459545, "recall": 1.0, "f1-score": 0.4616636160260321, "support": 1135}, "2": {"precision": 0.7254658385093168, "recall": 0.5658914728682171, "f1-score": 0.6358192705498095, "support": 1032}, "3": {"precision": 0.9692307692307692, "recall": 0.18712871287128713, "f1-score": 0.3136929460580913, "support": 1010}, "4": {"precision": 0.7563291139240507, "recall": 0.48676171079429736, "f1-score": 0.5923172242874845, "support": 982}, "5": {"precision": 0.9707112970711297, "recall": 0.2600896860986547, "f1-score": 0.41025641025641024, "support": 892}, "6": {"precision": 0.9030898876404494, "recall": 0.6711899791231732, "f1-score": 0.7700598802395209, "support": 958}, "7": {"precision": 0.35233160621761656, "recall": 0.9260700389105059, "f1-score": 0.510455764075067, "support": 1028}, "8": {"precision": 0.9615384615384616, "recall": 0.02566735112936345, "f1-score": 0.049999999999999996, "support": 974}, "9": {"precision": 0.35, "recall": 0.006937561942517344, "f1-score": 0.01360544217687075, "support": 1009}, "accuracy": 0.506, "macro avg": {"precision": 0.7207630246733217, "recall": 0.49613691667992404, "f1-score": 0.4630928936100994, "support": 10000}, "weighted avg": {"precision": 0.7094309954807296, "recall": 0.506, "f1-score": 0.4625078795792816, "support": 10000}}]}