{"loss": [3.521858193874359], "acc": [0.1057], "classification_report": [{"0": {"precision": 0.0, "recall": 0.0, "f1-score": 0.0, "support": 980}, "1": {"precision": 0.0, "recall": 0.0, "f1-score": 0.0, "support": 1135}, "2": {"precision": 0.0, "recall": 0.0, "f1-score": 0.0, "support": 1032}, "3": {"precision": 0.0, "recall": 0.0, "f1-score": 0.0, "support": 1010}, "4": {"precision": 0.0, "recall": 0.0, "f1-score": 0.0, "support": 982}, "5": {"precision": 0.0, "recall": 0.0, "f1-score": 0.0, "support": 892}, "6": {"precision": 0.0, "recall": 0.0, "f1-score": 0.0, "support": 958}, "7": {"precision": 0.0, "recall": 0.0, "f1-score": 0.0, "support": 1028}, "8": {"precision": 0.10131058872477637, "recall": 1.0, "f1-score": 0.18398186626369478, "support": 974}, "9": {"precision": 0.21502590673575128, "recall": 0.08225966303270565, "f1-score": 0.11899641577060932, "support": 1009}, "accuracy": 0.1057, "macro avg": {"precision": 0.031633649546052765, "recall": 0.10822596630327057, "f1-score": 0.03029782820343041, "support": 10000}, "weighted avg": {"precision": 0.03156376533143052, "recall": 0.1057, "f1-score": 0.02992657212533835, "support": 10000}}]}