{"loss": [89.4369397354126], "acc": [0.5005], "classification_report": [{"0": {"precision": 0.9144385026737968, "recall": 0.8724489795918368, "f1-score": 0.8929503916449086, "support": 980}, "1": {"precision": 0.27900688298918386, "recall": 1.0, "f1-score": 0.43628675763982316, "support": 1135}, "2": {"precision": 0.893305439330544, "recall": 0.41375968992248063, "f1-score": 0.5655629139072847, "support": 1032}, "3": {"precision": 0.9428571428571428, "recall": 0.22871287128712872, "f1-score": 0.36812749003984063, "support": 1010}, "4": {"precision": 0.5037926675094817, "recall": 0.8116089613034623, "f1-score": 0.6216848673946958, "support": 982}, "5": {"precision": 0.9907407407407407, "recall": 0.11995515695067265, "f1-score": 0.214, "support": 892}, "6": {"precision": 0.9696969696969697, "recall": 0.40083507306889354, "f1-score": 0.5672082717872969, "support": 958}, "7": {"precision": 0.4649337910740559, "recall": 0.9221789883268483, "f1-score": 0.6181936746005869, "support": 1028}, "8": {"precision": 0.9710144927536232, "recall": 0.06878850102669405, "f1-score": 0.12847555129434324, "support": 974}, "9": {"precision": 0.675, "recall": 0.053518334985133795, "f1-score": 0.09917355371900827, "support": 1009}, "accuracy": 0.5005, "macro avg": {"precision": 0.7604786629625538, "recall": 0.4891806556463151, "f1-score": 0.4511663472027788, "support": 10000}, "weighted avg": {"precision": 0.7499229362858787, "recall": 0.5005, "f1-score": 0.4531219010132162, "support": 10000}}]}