{"loss": [33.707720079421996], "acc": [0.4336], "classification_report": [{"0": {"precision": 0.948301329394387, "recall": 0.6551020408163265, "f1-score": 0.7748943874471936, "support": 980}, "1": {"precision": 0.2745812090313183, "recall": 0.9964757709251101, "f1-score": 0.4305291206699657, "support": 1135}, "2": {"precision": 0.9020979020979021, "recall": 0.25, "f1-score": 0.3915022761760243, "support": 1032}, "3": {"precision": 1.0, "recall": 0.009900990099009901, "f1-score": 0.0196078431372549, "support": 1010}, "4": {"precision": 0.44623655913978494, "recall": 0.4226069246435845, "f1-score": 0.4341004184100418, "support": 982}, "5": {"precision": 0.6, "recall": 0.006726457399103139, "f1-score": 0.013303769401330377, "support": 892}, "6": {"precision": 0.9258373205741627, "recall": 0.40396659707724425, "f1-score": 0.5625, "support": 958}, "7": {"precision": 0.5100171722953635, "recall": 0.8667315175097277, "f1-score": 0.6421621621621622, "support": 1028}, "8": {"precision": 1.0, "recall": 0.002053388090349076, "f1-score": 0.004098360655737705, "support": 974}, "9": {"precision": 0.32981676846196556, "recall": 0.5887016848364718, "f1-score": 0.4227758007117437, "support": 1009}, "accuracy": 0.4336, "macro avg": {"precision": 0.6936888260994885, "recall": 0.4202265371396927, "f1-score": 0.3695474138771454, "support": 10000}, "weighted avg": {"precision": 0.6873389236705155, "recall": 0.4336, "f1-score": 0.3739625184325133, "support": 10000}}]}